,0
0,HLA-DRB5
1,SAA1
2,ALB
3,VEGFA
4,THBD
5,SDS
6,SERPINB9
7,BASP1
8,MXD1
9,RPS4Y1
10,PTGS2
11,FPR3
12,HLA-DQB1
13,EREG
14,ARL4C
15,INSIG1
16,SATB1
17,NR4A3
18,CD93
19,OSM
20,RASSF5
21,HES1
22,PFKFB3
23,ADGRE2
24,G0S2
25,PDE4B
26,TNFSF13B
27,PPIF
28,GK
29,CD300E
30,CD48
31,NLRP3
32,DDIT4
33,ABCA1
34,MEF2C
35,DDX3Y
36,TTYH3
37,ITGA4
38,VCAN
39,PRDM1
40,TET2
41,PRKCB
42,OTUD1
43,DUSP2
44,LILRB1
45,MT-ND6
46,FAM49A
47,IL10
48,RB1
49,PAPSS2
50,RGS1
51,MALT1
52,CR1
53,C9orf72
54,SLC16A10
55,SEC14L1
56,LUCAT1
57,NUP58
58,PEA15
59,STAB1
60,USP36
61,CSF3R
62,HLA-DQA1
63,AREG
64,CD36
65,SLC25A37
66,LILRB2
67,RXRA
68,SLC8A1
69,PRCP
70,C15orf48
71,YTHDF3
72,CMIP
73,MERTK
74,NFIL3
75,IGHA1
76,HLA-DRB5
77,IGHG3
78,HLA-DQB1
79,IGHG4
80,RPS4Y1
81,CSF3R
82,HLA-DQA1
83,RUNX3
84,C3
85,SERPINB9
86,MXD1
87,TMEM176B
88,RASSF5
89,DENND3
90,PEA15
91,LILRB1
92,ITGA4
93,ETV6
94,ADGRE2
95,CORO1A
96,TMEM176A
97,TTYH3
98,PTGS2
99,PRDM1
100,DDX3Y
101,CD48
102,PLXNC1
103,TNFSF13B
104,STAT1
105,PFKFB3
106,SNHG15
107,RF00017-71
108,PDE4B
109,PPA1
110,MTHFD2
111,CMIP
112,OTUD1
113,G0S2
114,THBD
115,CSK
116,TAGAP
117,GK
118,IDH2
119,WARS
120,AD000864.1
121,VSIR
122,SECTM1
123,KIAA0930
124,LILRB2
125,CDKN1B
126,ARL4C
127,KCNK6
128,NR4A3
129,SIGLEC10
130,OAZ2
131,FAM49A
132,SH3BP2
133,IFNAR2
134,SLC8A1
135,PTGER4
136,VEGFA
137,TRABD
138,PPIF
139,MEF2C
140,NECTIN2
141,AKNA
142,ARHGAP4
143,CYTOR
144,BCL6
145,CNN2
146,SUSD6
147,GRASP
148,SEPT6
149,LPCAT2
150,ENTPD1
151,RGS1
152,LPAR6
153,PRKCB
154,LENG8
155,PIM1
156,JAML
157,EREG
158,DNMT1
159,CYTH4
160,CTNND1
161,EDEM1
162,MAP3K1
163,NAAA
164,QSOX1
165,SLC4A7
166,SLC20A1
167,ARHGAP45
168,ANP32E
169,MID1IP1
170,HS3ST2
171,CTSK
172,TFPI
173,GCLC
174,CHIT1
175,MGLL
176,PLA2G7
177,FCMR
178,SLC5A3
179,NR1H3
180,IGHA1
181,MRPS6
182,KCNMA1
183,LINC02099
184,CDKN2B
185,MYO1E
186,GNG5
187,SLC26A11
188,SLAMF7
189,PIK3IP1
190,IGKC
191,CCL18
192,PDE4DIP
193,IL1R1
194,ZNF385A
195,LPL
196,ALOX15B
197,ARID5B
198,RPS4Y1
199,GDF15
200,DNASE2B
201,CHCHD6
202,GNPTAB
203,BAIAP2
204,CYP27A1
205,IL1R2
206,RARRES1
207,HSBP1L1
208,DHRS9
209,PLEKHA1
210,NME2
211,A2M
212,SPIRE1
213,OTOA
214,ATP6V0D2
215,CDS2
216,CD68
217,GPX3
218,MRAS
219,RALA
220,SELENOP
221,CBLB
222,FABP3
223,SLC37A2
224,KCNAB2
225,ALDOA
226,GABARAP
227,GADD45A
228,NTAN1
229,RRN3P1
230,FARP1
231,EVA1B
232,RNASEK
233,SPARC
234,PLEKHO1
235,EPHX1
236,CIAO2A
237,DEXI
238,PLEKHM2
239,SASH1
240,NUPR1
241,RPS6KA2
242,VPS35L
243,MXD4
244,KIAA0930
245,DENND4C
246,TOMM5
247,SMIM3
248,KRTCAP2
249,DMXL1
250,GLA
251,CLCN7
252,ABCC5
253,SLC8B1
254,RASGRP3
255,PRCP
256,NPC1
257,CD52
258,SH3PXD2B
259,MT-ND6
260,MCRIP2
261,TUT7
262,ADGRE2
263,TAF10
264,SLC40A1
265,INF2
266,SNX1
267,TMIGD3
268,PLBD2
269,GNPTG
270,CD48
271,FAM20C
272,NCOA7
273,HPCAL1
274,RNF111
275,MDM2
276,SPP1
277,SLC6A6
278,PLP2
279,TPRA1
280,CIR1
281,PXDC1
282,SLC38A6
283,SLAMF8
284,HEBP2
285,SDC2
286,KIF13B
287,SLC29A1
288,CTTNBP2NL
289,GSR
290,TDRD3
291,AFF1
292,TBC1D2
293,CCRL2
294,ZDHHC7
295,PDE8A
296,NOTCH2
297,EPS8
298,CLPTM1
299,ARHGAP10
300,TMCO3
301,PDXDC1
302,ATP6V1C1
303,TXNRD1
304,CHPT1
305,LHFPL2
306,CLEC4E
307,SORBS3
308,SDC4
309,PCMTD1
310,NADK
311,C12orf49
312,KMO
313,FMN1
314,HECTD1
315,ADI1
316,PLPP3
317,PRKCD
318,MTLN
319,ARRDC2
320,SLC44A1
321,ARHGAP17
322,TUSC2
323,NFE2L1
324,RABEP1
325,FTLP3
326,AHCY
327,TNS1
328,C6orf106
329,CD82
330,ST3GAL5
331,AGAP3
332,SDC3
333,FTX
334,AC011481.1
335,RRAGD
336,WDR43
337,DPP9
338,CLIC2
339,TMEM176B
340,FEM1B
341,HVCN1
342,P2RX7
343,HSF1
344,TDP2
345,LILRA2
346,DNAJC2
347,SLC35E3
348,ACP2
349,KLHL6
350,AC100810.1
351,LILRB5
352,SLC40A1
353,CD5L
354,SPIC
355,VCAM1
356,CXCL12
357,RBP7
358,PRKCB
359,SDC3
360,P2RY13
361,CXCR2P1
362,SELENOP
363,GCLC
364,CALHM6
365,ARL4C
366,ADI1
367,VAMP5
368,TMEM37
369,CLIC2
370,SCIMP
371,EBI3
372,KCNMA1
373,NAAA
374,LILRB1
375,EPB41L2
376,CMKLR1
377,VSIR
378,AOAH
379,SULT1A1
380,FSCN1
381,OAZ2
382,RGL1
383,SASH1
384,TCF7L2
385,LILRA5
386,NOTCH3
387,PLAC8
388,BASP1
389,PHACTR2
390,CD72
391,UTRN
392,WWP1
393,NAIP
394,ENPP2
395,DNPH1
396,SNX18
397,SLC7A8
398,IGSF21
399,ITGA9
400,SUCNR1
401,S100B
402,NR1H3
403,CETP
404,SIAH2
405,CD300A
406,GFRA2
407,SMPDL3A
408,IFT74
409,FRMD4A
410,LIMD2
411,NRARP
412,LILRB2
413,PLA2G7
414,CYTOR
415,ABI3
416,VOPP1
417,GIMAP4
418,EXT1
419,TNFRSF21
420,IL18BP
421,CD38
422,RNF141
423,CCL4L2
424,FRMD4B
425,ETV5
426,AXL
427,C1orf54
428,PALLD
429,ADGRE2
430,MXD4
431,HES4
432,GIMAP8
433,DAPK1
434,GATM
435,MMP19
436,NFATC2
437,LGALS8
438,CR1
439,MYO9A
440,SGPL1
441,SESN3
442,SHMT1
443,RCSD1
444,POU2F2
445,ITGA4
446,AIG1
447,FGD2
448,PID1
449,GNG2
450,JDP2
451,TMC8
452,SIGLEC10
453,IFNAR2
454,RASGRP2
455,CD48
456,PSTPIP2
457,PARP1
458,FAM49A
459,AMPD2
460,RGS1
461,ABCC5
462,TRIM22
463,INPP5D
464,SCN1B
465,PDLIM2
466,GRK3
467,KIAA1147
468,ARHGAP17
469,RXRA
470,PTPRJ
471,IL16
472,PRCP
473,MERTK
474,GCNT1
475,SIGLEC7
476,LILRA2
477,LPCAT1
478,NAPSB
479,ATP11C
480,CD82
481,ENTPD1
482,MMD
483,EPN1
484,PAK1
485,CD93
486,CDKN1B
487,AKNA
488,SECTM1
489,PRKACB
490,ITPR2
491,SLC8A1
492,CCL4
493,GIMAP7
494,PTGER4
495,RUFY3
496,ANKS1A
497,CISD2
498,PIP4K2A
499,EHD1
500,HLA-DOA
501,SEC14L1
502,IL10
503,TMEM131
504,PLCB2
505,CD33
506,ARHGAP4
507,TCF4
508,LBR
509,CCL3L1
510,ZZEF1
511,TSPAN4
512,TRIM14
513,ARHGAP25
514,SNAP23
515,CPPED1
516,CEPT1
517,ME1
518,GIMAP1
519,UTP3
520,NR4A3
521,ABCA1
522,C5AR2
523,GRASP
524,STAT1
525,PFKFB3
526,MSRB2
527,LRRC25
528,GSR
529,IKZF1
530,LMO4
531,MCUR1
532,RASSF5
533,CREBL2
534,RIPOR1
535,ANKH
536,CSK
537,SMCO4
538,CD300LF
539,C2
540,CDK2AP1
541,ITSN1
542,GABARAP
543,EVA1B
544,TAF10
545,KIAA1109
546,AC027290.2
547,MAP3K3
548,PLXNC1
549,PACSIN2
550,HLA-DQA1
551,CD68
552,GSAP
553,CPQ
554,C20orf27
555,DENR
556,CBR1
557,TBC1D9
558,MTCO1P12
559,MTND1P23
560,DDIT4
561,HLA-DRB5
562,HILPDA
563,RPL10P9
564,SLC16A10
565,ZNF292
566,ADAM28
567,VEGFA
568,P4HA1
569,ERO1A
570,PFKFB3
571,TLR2
572,RGS1
573,HK2
574,KDM5B
575,ADM
576,C15orf48
577,BNIP3
578,BASP1
579,AL450405.1
580,INSIG2
581,SDC2
582,HLA-DQA1
583,FGFR1
584,ARL4C
585,BCAT1
586,CYTIP
587,FAM13A
588,PRKAG2
589,PHC2
590,HLA-DQB1
591,PTK2B
592,AFF1
593,NUPR1
594,EMD
595,ENPP4
596,MXD1
597,VMO1
598,CD300A
599,TCF4
600,RAPGEF1
601,PDE4B
602,ARMCX3
603,ARID5B
604,RNMT
605,CLN8
606,ZMYM2
607,LUCAT1
608,HIPK2
609,FAM162A
610,GNA15
611,SLC11A2
612,MTSS1
613,OIP5-AS1
614,JARID2
615,PHF20
616,AC021078.1
617,TMF1
618,GPI
619,TET2
620,KCTD20
621,CD93
622,FAM49A
623,SEC14L1
624,RNF145
625,RAB8B
626,ASH1L
627,PHF20L1
628,MTCO1P12
629,MTND1P23
630,C15orf48
631,CCL20
632,RPL10P9
633,EREG
634,CCL3L1
635,SLC25A37
636,MTND4P12
637,TNFAIP6
638,ADM
639,VEGFA
640,ANPEP
641,LUCAT1
642,HLA-DRB5
643,SERPINB2
644,PTGS2
645,IFI6
646,EHD1
647,AL450405.1
648,MMP19
649,TNFAIP8
650,PHLDA1
651,CXCL1
652,SPP1
653,ITGA5
654,TNIP1
655,BASP1
656,NLRP3
657,ISG15
658,G0S2
659,SERPINB9
660,NDRG1
661,SPHK1
662,CCL4L2
663,CCL4
664,RIPK2
665,CD82
666,ZC3H12A
667,AQP9
668,ARHGEF2
669,PDE4B
670,JARID2
671,PLK3
672,GRAMD1A
673,TSC22D1
674,NFKB2
675,SDC2
676,LPCAT1
677,MAP3K20
678,IL1RN
679,IL7R
680,IFI27
681,ABCA1
682,THBD
683,GK
684,SLC16A10
685,MYO1G
686,MXD1
687,CD93
688,ZBTB43
689,MAFF
690,GNA15
691,BTG3
692,CYTOR
693,GADD45A
694,RALGDS
695,IL10
696,IRAK1
697,SDC4
698,VCAN
699,ARFGAP3
700,PFKFB3
701,DDX60L
702,TREM1
703,MANF
704,TLR2
705,PHC2
706,MAPK6
707,HSPA6
708,RHOC
709,ZNF267
710,MAPKAPK2
711,ERO1A
712,EMD
713,IL6R
714,BIRC3
715,RYBP
716,HMGA1
717,CSRNP1
718,DDIT4
719,ATP2B1-AS1
720,CCRL2
721,GPI
722,LPXN
723,NUP58
724,PNP
725,FAM49A
726,ANKLE2
727,PPIF
728,C1orf122
729,SLC43A3
730,NQO2
731,GBP2
732,DDIT3
733,ACSL4
734,RNF145
735,APOD
736,LCN1
737,F13A1
738,LACRT
739,OPRPN
740,EMB
741,SELENOP
742,MERTK
743,PIP
744,A2M
745,DDX3Y
746,IGKC
747,CSGALNACT1
748,MEF2C
749,TTN
750,LYVE1
751,MT-TS2
752,WLS
753,SESN1
754,PLXND1
755,STAB1
756,RAPH1
757,MT-TV
758,IGHA1
759,FRMD4B
760,GPR155
761,SRGAP1
762,PMP22
763,FMN1
764,FCGR2B
765,SLC18B1
766,PPP3R1
767,GAS6
768,RNF145
769,FAM13A
770,TCF4
771,FOLR2
772,WDR74
773,EPS8
774,SRGAP2C
775,IL6ST
776,KCNMA1
777,FSCN1
778,MKNK2
779,CEMIP2
780,DNAJB4
781,PCF11
782,CREBRF
783,CXCL12
784,SLC40A1
785,PLEKHA2
786,MYLIP
787,LPAR6
788,AFF1
789,SESN3
790,MTSS1
791,EIF4G3
792,MAVS
793,INTS6
794,USP53
795,EPB41L2
796,COLEC12
797,SIGLEC1
798,NASP
799,TMEM176B
800,RERE
801,ITSN1
802,ME1
803,SRGAP2
804,DUSP3
805,ANKH
806,LDLRAD4
807,TBL1XR1
808,SNX29
809,RCSD1
810,PIAS2
811,GNG2
812,MED13L
813,KLHL24
814,SUPT5H
815,C20orf194
816,PAPSS2
817,SPTLC2
818,WWP1
819,NRP2
820,PIK3C2A
821,WDFY3
822,TRPS1
823,CR1
824,NRP1
825,PDGFC
826,PDXDC1
827,TTL
828,HELZ
829,RPS4Y1
830,ADM
831,PPP3CA
832,ZSWIM6
833,MCTP1
834,SGMS1
835,GPR34
836,DIP2B
837,ARHGAP5
838,SLC4A7
839,GASK1B
840,KAT6A
841,LILRB5
842,NCOA3
843,ARIH1
844,CMKLR1
845,TNS1
846,KLF7
847,MAP3K1
848,SNX13
849,NXF1
850,CDKN1B
851,DNAJC13
852,PHACTR4
853,TOB2
854,TNRC6A
855,SIAH2
856,USP36
857,SPG7
858,DDX3Y
859,RPS4Y1
860,LYVE1
861,GPX3
862,SELENOP
863,SHMT1
864,FOLR2
865,STAB1
866,F13A1
867,ABCA6
868,METTL7A
869,AC104581.4
870,TTN
871,PMP22
872,FCGR2B
873,EMB
874,SCN9A
875,PLTP
876,EMP1
877,CYBRD1
878,CD209
879,ADAMTS2
880,SESN1
881,DAAM2
882,GASK1B
883,CXCL12
884,WWP1
885,MEF2C
886,EPS8
887,HEXIM1
888,LILRB5
889,CSGALNACT1
890,GAS6
891,EGFL7
892,PLXND1
893,TPM1
894,TMEM176B
895,VNN1
896,CYP1B1
897,RGL1
898,WLS
899,SLC18B1
900,MERTK
901,RBP7
902,TCN2
903,HTRA1
904,MTSS1
905,SLC40A1
906,FAM13A
907,ITSN1
908,INTS6
909,MKNK2
910,CD36
911,MYLIP
912,COLEC12
913,PPP1R10
914,RCAN1
915,EGR3
916,SGMS1
917,GAS7
918,FRMD4B
919,SLC5A3
920,PEAK1
921,GNG2
922,RCSD1
923,TNS1
924,SPTLC2
925,TSPAN4
926,FABP4
927,SESN3
928,PAPSS2
929,KLF9
930,NFIA
931,AP2A2
932,THUMPD3-AS1
933,FGFR1
934,TMEM176A
935,BAIAP2
936,SRGAP2C
937,MYO5A
938,NCOA3
939,RAPH1
940,CLEC10A
941,UBE2S
942,RASSF2
943,NRP1
944,MXD4
945,SRGAP2B
946,TMEM37
947,ARHGAP5
948,SIGLEC1
949,CHORDC1
950,FSCN1
951,IL6ST
952,CEMIP2
953,A2M
954,ANTXR2
955,GPR34
956,DNAJA4
957,TCF4
958,ME1
959,ADAM15
960,KLF10
961,AC027290.2
962,EPHX1
963,PDGFC
964,SRGAP2
965,CPT1A
966,SRGAP1
967,YPEL3
968,C20orf194
969,PPP3R1
970,ITGAM
971,BAG3
972,CMKLR1
973,CREM
974,PCF11
975,ZBTB20
976,KLF7
977,ANKH
978,HSPA6
979,JDP2
980,FILIP1L
981,SECISBP2
982,ABCA1
983,WDFY3
984,UACA
985,SNX29
986,STMN1
987,TRPS1
988,FES
989,BCAT1
990,RELL1
991,CALCOCO2
992,NOTCH2
993,ITGB5
994,MLXIP
995,FMN1
996,ABCC5
997,TBC1D14
998,TOB2
999,CR1
1000,PPP3CA
1001,MAP3K3
1002,CHID1
1003,CPNE8
1004,PIAS2
1005,ADD3
1006,DCK
1007,SESTD1
1008,USP36
1009,KIF1B
1010,TRMT1
1011,NR4A3
1012,SIAH2
1013,TCF12
1014,ADM
1015,TUG1
1016,ARHGAP45
1017,FAM53C
1018,CKS2
1019,FAH
1020,FCHSD2
1021,TMEM106A
1022,LUCAT1
1023,SORBS3
1024,MCTP1
1025,FLI1
1026,MMP14
1027,EPB41L2
1028,OGDH
1029,PHACTR4
1030,DCAF12
1031,SNX13
1032,OTULINL
1033,C16orf72
1034,SDC3
1035,CLIC2
1036,C15orf48
1037,TLR2
1038,IL1R2
1039,PID1
1040,IL1R1
1041,IL7R
1042,CXCL1
1043,RNF145
1044,MMP19
1045,TFPI
1046,SDC2
1047,PFKFB3
1048,IRAK2
1049,EREG
1050,MXD1
1051,RHOC
1052,ANPEP
1053,TNIP1
1054,DUSP5
1055,ADAM8
1056,IL18R1
1057,PDE4B
1058,SERPINB9
1059,BASP1
1060,ARL4C
1061,PIK3R5
1062,CXCL5
1063,CD300E
1064,ABCA1
1065,FAM129B
1066,G0S2
1067,SLAMF1
1068,IL4I1
1069,MTSS1
1070,AL390719.1
1071,EMP1
1072,TNFAIP8
1073,JARID2
1074,SLC16A10
1075,HIPK2
1076,GK
1077,SLC44A1
1078,SIPA1L1
1079,SLC39A8
1080,ENPP4
1081,BCAT1
1082,RGS1
1083,MT1X
1084,MAP4K4
1085,AC011529.1
1086,MRPS6
1087,SNX8
1088,CARD19
1089,GNA15
1090,USP12
1091,MMP9
1092,PELI1
1093,TRAF1
1094,SEMA6B
1095,DUSP4
1096,GNG5
1097,NDUFV2
1098,PSMA6
1099,MAPKAPK2
1100,VEGFA
1101,ARID5B
1102,ISG20
1103,GRAMD1A
1104,SLC11A2
1105,BIRC3
1106,KDM7A
1107,IL1RN
1108,FAM49A
1109,CYTIP
1110,DOCK4
1111,ZC3H12A
1112,MAP3K20
1113,SDC4
1114,ACSL3
1115,AC026470.1
1116,FURIN
1117,SLC36A4
1118,RNF19B
1119,IL2RG
1120,PCNX1
1121,HLA-DQA2
1122,GNA12
1123,ALDOA
1124,LUCAT1
1125,AGO2
1126,FAM126A
1127,DOT1L
1128,PTK2B
1129,CD93
1130,SLC5A3
1131,CTTNBP2NL
1132,MYO1G
1133,RAB8B
1134,SMIM3
1135,HLA-DQA1
1136,ZNF267
1137,CTNNBL1
1138,MPZL1
1139,CD68
1140,RAPGEF1
1141,AREG
1142,RPL10P9
1143,NECTIN2
1144,PAPSS2
1145,BCL3
1146,TES
1147,NFKB2
1148,DDIT4
1149,PEA15
1150,RASSF2
1151,ACOT9
1152,LRRFIP2
1153,AFF1
1154,TCF4
1155,BTG3
1156,NRP2
1157,SLC6A6
1158,LPAR6
1159,ITGAV
1160,IL10
1161,RALA
1162,ARHGEF2
1163,OXSR1
1164,ATP6V1C1
1165,CAPN2
1166,FILIP1L
1167,POLR2E
1168,CDC42SE2
1169,MDM2
1170,TUT7
1171,RGL1
1172,NFIL3
1173,ACSL4
1174,PHC2
1175,RPL17
1176,ASH1L
1177,IL6R
1178,TET2
1179,IST1
1180,LPXN
1181,SUSD6
1182,TSPAN3
1183,ZDHHC20
1184,GABARAP
1185,NME2
1186,ALDOA
1187,ATP6V0C
1188,AC024293.1
1189,CORO1A
1190,VSIR
1191,RPL22P1
1192,VCAN
1193,RPL17
1194,RNASE2
1195,AC116533.1
1196,CFP
1197,LIMD2
1198,LILRB2
1199,TRAPPC5
1200,ARF5
1201,LSP1
1202,SULT1A1
1203,CALHM6
1204,AC008038.1
1205,GIMAP7
1206,PSMA6
1207,NUDT16
1208,PSMB10
1209,CD68
1210,POLD4
1211,VAMP5
1212,KRTCAP2
1213,ASGR1
1214,FAM45A
1215,CD48
1216,IL17RA
1217,MYO1G
1218,TMEM256
1219,RCSD1
1220,PAK1
1221,PLP2
1222,RBP7
1223,POU2F2
1224,CSK
1225,STX10
1226,DDIT4
1227,ARHGAP4
1228,C12orf57
1229,RIN3
1230,TBCB
1231,OTUB1
1232,MEF2C
1233,MIEN1
1234,EIF4A1
1235,TCEA1
1236,JDP2
1237,MRPS34
1238,POLR2E
1239,MYL7
1240,ACTC1
1241,TNNC1
1242,MYL4
1243,TNNI1
1244,TNNT2
1245,TPM1
1246,RPS4Y1
1247,RGS1
1248,C3
1249,GPR34
1250,VSIR
1251,SIGLEC10
1252,RPS4Y1
1253,ADAM28
1254,DDIT4
1255,EPB41L2
1256,ADORA3
1257,SORL1
1258,GSTM3
1259,USP53
1260,LPAR6
1261,OLFML3
1262,GPR82
1263,SIGLEC8
1264,A2M
1265,SESN1
1266,CSGALNACT1
1267,CALHM6
1268,CX3CR1
1269,PIK3IP1
1270,SRGAP1
1271,IGSF21
1272,GIMAP4
1273,PRDM1
1274,CDKN1C
1275,ALOX15B
1276,AXL
1277,FCGBP
1278,DNAJB4
1279,MTUS1
1280,GIMAP7
1281,ABI3
1282,MEF2C
1283,TMEM176B
1284,LPCAT2
1285,SLC40A1
1286,HIST1H2AC
1287,AIDA
1288,CD300A
1289,AOAH
1290,ST6GAL1
1291,HIST1H4C
1292,IL6ST
1293,EBI3
1294,CHPT1
1295,MGAT4A
1296,HLA-DQA2
1297,SEC14L1
1298,GPR155
1299,NUDT16
1300,ELMO1
1301,SIPA1
1302,KCNMA1
1303,RB1
1304,LRRK2
1305,GRASP
1306,SLC4A7
1307,SSH2
1308,ENTPD1
1309,MAN2A1
1310,RCSD1
1311,CORO1A
1312,TCF4
1313,DDX3Y
1314,GIMAP1
1315,YPEL3
1316,MRPL3
1317,BAG3
1318,PELI1
1319,CSF3R
1320,CTTNBP2NL
1321,FILIP1L
1322,HSPA6
1323,ARL4C
1324,HTRA1
1325,OTULINL
1326,RPL17
1327,GCLC
1328,DCK
1329,SRGAP2
1330,TNPO1
1331,PTGS2
1332,LAT2
1333,PHC2
1334,SVBP
1335,P2RY13
1336,TM6SF1
1337,TAF7
1338,C12orf57
1339,DOCK4
1340,PLXNC1
1341,MERTK
1342,UBL3
1343,ITGA4
1344,KLHL24
1345,ANKRD44
1346,SWAP70
1347,ZFAND2A
1348,CTNND1
1349,CDC42SE2
1350,CDKN1B
1351,AC024293.1
1352,PLEKHO1
1353,STX6
1354,CALCOCO2
1355,SLC8A1
1356,LPIN2
1357,CAMLG
1358,TAGAP
1359,HLA-DOA
1360,GPR65
1361,NUDT3
1362,SYPL1
1363,INPP5D
1364,PPA1
1365,RHBDF2
1366,ITPRIPL2
1367,FKBP4
1368,SNX18
1369,TENT5A
1370,EMP1
1371,INSIG1
1372,MT-ND6
1373,LYVE1
1374,F13A1
1375,BAG3
1376,MTND1P23
1377,PNP
1378,CHORDC1
1379,LUCAT1
1380,EMB
1381,AHSA1
1382,STAB1
1383,IL6R
1384,JOSD1
1385,DNAJA4
1386,STIP1
1387,EHD1
1388,FOLR2
1389,THBD
1390,PDE4B
1391,HSPA6
1392,CKS2
1393,VEGFA
1394,FKBP4
1395,BIRC3
1396,MCTP1
1397,TET2
1398,NR4A3
1399,BCAT1
1400,MTSS1
1401,ZFAND2A
1402,TRA2A
1403,JARID2
1404,YTHDF3
1405,SERPINB9
1406,ZNF267
1407,PMP22
1408,RYBP
1409,SELENOP
1410,USP36
1411,NOTCH2
1412,HSPA4
1413,PHLDA1
1414,ACSL3
1415,NAA50
1416,NLRP3
1417,SNAP23
1418,TNFAIP8
1419,PURB
1420,MEF2C
1421,KCTD20
1422,KIF1B
1423,ASPH
1424,B3GNT5
1425,TRIB1
1426,PPIF
1427,MAFG
1428,NRP2
1429,CAPN2
1430,ARL5B
1431,ZG16B
1432,AZGP1
1433,STATH
1434,SLPI
1435,PIP
1436,C3
1437,MGP
1438,PIGR
1439,HTRA1
1440,SMR3B
1441,PRB4
1442,PRB1
1443,PRH2
1444,PRB3
1445,HTN3
1446,HTN1
1447,PRB2
1448,CA6
1449,SPP1
1450,PRH1
1451,SORL1
1452,RGS1
1453,DDX3Y
1454,BPIFA2
1455,RPS4Y1
1456,SCGB3A1
1457,CCL4
1458,AC006518.7
1459,PRR4
1460,NDRG2
1461,MT-TS2
1462,ADGRG1
1463,USP53
1464,SRGAP1
1465,A2M
1466,GABPB1-AS1
1467,TANC2
1468,ADORA3
1469,SAP30
1470,ADAM28
1471,BCL2
1472,PRDM1
1473,SFMBT2
1474,MT-TP
1475,ZBTB16
1476,BHLHE41
1477,NUDT3
1478,TGFBR1
1479,MEF2C
1480,GPR34
1481,FAM129A
1482,DOCK4
1483,CCL3L1
1484,CCL4L2
1485,EGR3
1486,RESF1
1487,LPCAT2
1488,POU2F2
1489,MGAT4A
1490,TREM2
1491,ITGA4
1492,IKZF1
1493,EGR2
1494,AZIN1-AS1
1495,TNRC6B
1496,SLC25A37
1497,ITPRIPL2
1498,SLC4A7
1499,EPB41L2
1500,SIGLEC10
1501,TNF
1502,INPP5D
1503,ANKRD44
1504,PIK3IP1
1505,NKTR
1506,TNPO1
1507,IL6ST
1508,PDCD4
1509,ATP2B1-AS1
1510,CORO1A
1511,LHFPL2
1512,ITPR2
1513,ZNF292
1514,NUCB2
1515,FMN1
1516,HIST1H4C
1517,NAPSB
1518,NCOA7
1519,CSF3R
1520,RHBDF2
1521,ASH1L
1522,AREG
1523,UTRN
1524,BDP1
1525,PLXNC1
1526,ENTPD1
1527,GLDN
1528,JDP2
1529,PRKAG2
1530,TAGAP
1531,PTGER4
1532,LDLRAD4
1533,STAG2
1534,ARHGAP5
1535,FILIP1L
1536,BAZ2B
1537,TBL1XR1
1538,KAT6A
1539,PHF3
1540,PRRC2B
1541,SH3KBP1
1542,MAML2
1543,KLHL24
1544,SLC39A10
1545,OTUD1
1546,DOCK10
1547,BMP2K
1548,ZBTB38
1549,ARHGAP26
1550,RIF1
1551,SETD2
1552,NCOR2
1553,SPEN
1554,CTTNBP2NL
1555,GPR65
1556,GPATCH2L
1557,C12orf57
1558,SLC8A1
1559,PARP1
1560,GBP2
1561,EPS8
1562,ATF7IP
1563,MERTK
1564,LPIN2
1565,RCSD1
1566,CTNND1
1567,MAN2A1
1568,ZNF644
1569,LPAR6
1570,MERTK
1571,LYVE1
1572,EPS8
1573,SELENOP
1574,GABARAP
1575,AP2A2
1576,ANKH
1577,DAAM2
1578,MTSS1
1579,MT-ND6
1580,STAB1
1581,CD36
1582,ADAMTS2
1583,ITSN1
1584,SLC40A1
1585,EMP1
1586,SDC3
1587,CD68
1588,KLF9
1589,RGL1
1590,ITGB5
1591,FMN1
1592,EMB
1593,FAM20A
1594,GCLC
1595,TFPI
1596,FRMD4B
1597,CORO1A
1598,SHMT1
1599,TTYH3
1600,NR1H3
1601,FOLR2
1602,A2M
1603,CMKLR1
1604,OLFML2B
1605,PLXND1
1606,CHST15
1607,TMEM37
1608,SESN1
1609,ABCA1
1610,MAP3K3
1611,LILRB5
1612,TNS3
1613,APP
1614,MXD4
1615,GAS7
1616,TSPAN4
1617,MGLL
1618,SLC7A8
1619,FABP4
1620,PARP1
1621,JDP2
1622,TPM1
1623,FAM20C
1624,RPS4Y1
1625,F13A1
1626,ABCC5
1627,ARHGAP45
1628,GLMP
1629,TNS1
1630,TCF12
1631,EPB41L2
1632,KIF13B
1633,DNPH1
1634,SMIM4
1635,SIAH2
1636,SIGLEC1
1637,GPR183
1638,ICAM1
1639,ARL5B
1640,INSIG1
1641,F13A1
1642,DUSP2
1643,MAFF
1644,NFKB1
1645,CCL4
1646,TNFAIP8
1647,NLRP3
1648,NR4A3
1649,PTGS2
1650,SERPINB9
1651,CREM
1652,PDE4B
1653,PFKFB3
1654,THAP2
1655,ZNF331
1656,BIRC3
1657,EHD1
1658,MXD1
1659,VEGFA
1660,G0S2
1661,CD93
1662,CSRNP1
1663,PNPLA8
1664,AREG
1665,ZNF267
1666,GRASP
1667,LUCAT1
1668,STAB1
1669,VCAN
1670,EREG
1671,IL10
1672,PPIF
1673,DDIT4
1674,PURB
1675,BAG3
1676,CD48
1677,PLTP
1678,RNF144B
1679,TLR2
1680,LYVE1
1681,EMB
1682,LILRB2
1683,GASK1B
1684,PNP
1685,KLF10
1686,AD000864.1
1687,FCGR2B
1688,MTSS1
1689,RYBP
1690,C15orf48
1691,THBD
1692,ARL4C
1693,JOSD1
1694,FOLR2
1695,ARIH1
1696,CORO1A
1697,RGL1
1698,WDR45B
1699,MTND1P23
1700,SERTAD1
1701,GCHFR
1702,APOC1
1703,ACP5
1704,CYP27A1
1705,CAPG
1706,FBP1
1707,CD9
1708,LGALS3BP
1709,IFI6
1710,CD52
1711,LTA4H
1712,LY6E
1713,PPARG
1714,FAM89A
1715,PHLDA3
1716,FN1
1717,MCEMP1
1718,FABP4
1719,CES1
1720,TREM1
1721,NUPR1
1722,TGM2
1723,MARCO
1724,PDLIM1
1725,DNASE2
1726,RMDN3
1727,TREM2
1728,LDHB
1729,SERPING1
1730,PLBD1
1731,GLIPR2
1732,CYB5A
1733,AC026369.3
1734,SMIM25
1735,BHLHE41
1736,SCPEP1
1737,HLA-DQB1
1738,DECR1
1739,RGCC
1740,OLR1
1741,PCOLCE2
1742,FDX1
1743,GPD1
1744,SVIL
1745,SPN
1746,CCL18
1747,SCD
1748,HDDC2
1749,PLA2G16
1750,NCEH1
1751,SCCPDH
1752,TRPV2
1753,EVL
1754,IFIT3
1755,INHBA
1756,BAX
1757,PNPLA6
1758,RAB11FIP1
1759,MDH1
1760,OSCAR
1761,PPIC
1762,LSM6
1763,PARAL1
1764,JPT1
1765,CD300LF
1766,FFAR4
1767,NMB
1768,MME
1769,ABCG1
1770,LEPROTL1
1771,TCF7L2
1772,ADAMTSL4
1773,ALOX5
1774,S100A13
1775,TFPT
1776,OAS1
1777,SMCO4
1778,RBP4
1779,POR
1780,JAML
1781,COPRS
1782,MGST1
1783,EML4
1784,RRAGD
1785,PSME2
1786,FHL1
1787,AGPAT2
1788,ECH1
1789,ABHD5
1790,CPE
1791,ALDH1A1
1792,ISG15
1793,TMEM251
1794,CA2
1795,VEGFB
1796,TDRD3
1797,SQOR
1798,RETN
1799,CKLF
1800,RPL9P9
1801,ALAS1
1802,CD151
1803,ATP1B1
1804,HLA-F
1805,AMIGO2
1806,ACOT7
1807,LPL
1808,FDFT1
1809,EMC7
1810,SORT1
1811,TNFSF12
1812,NAA20
1813,CNIH4
1814,AC011481.1
1815,EDEM2
1816,SLC31A1
1817,PCBD1
1818,ETHE1
1819,MPC2
1820,LY86
1821,SEPT11
1822,PFDN2
1823,SAMD9L
1824,GM2A
1825,PSMB8
1826,GUSB
1827,PSMB9
1828,PTPMT1
1829,FCGR1A
1830,RASAL2
1831,HAGH
1832,VAT1
1833,FAM162A
1834,COA6
1835,POLR2K
1836,PBDC1
1837,ZBTB8OS
1838,DOK2
1839,GPRIN3
1840,UBE2L6
1841,GLDN
1842,ACAA2
1843,NDUFB5
1844,ATRAID
1845,SYS1
1846,PILRA
1847,C7orf50
1848,OASL
1849,RGS12
1850,ALKBH7
1851,FUOM
1852,BLOC1S2
1853,APIP
1854,MRPL14
1855,TMC6
1856,ACOT13
1857,CORO2A
1858,PIGP
1859,MRPS15
1860,DPH3
1861,SPARC
1862,CHMP5
1863,MRPL41
1864,MX1
1865,PHB
1866,COX14
1867,SEC11C
1868,GLRX2
1869,TMEM63A
1870,ANXA4
1871,HPGD
1872,HMOX2
1873,MRPL51
1874,DDRGK1
1875,RHBDD2
1876,PSMG2
1877,CARD16
1878,PRXL2A
1879,SPINT2
1880,VMO1
1881,VKORC1
1882,MRPL40
1883,CEBPA
1884,PSMB5
1885,EIF2AK2
1886,ARRDC4
1887,MRPL57
1888,ECHDC1
1889,EMC3
1890,TANC2
1891,MRPS23
1892,KLHL6
1893,CMC1
1894,MRPL34
1895,MRPS18B
1896,XAF1
1897,MIIP
1898,NDUFS3
1899,MR1
1900,DERL1
1901,CITED2
1902,CSTA
1903,ESD
1904,EIF4EBP1
1905,HLA-DQA1
1906,ADH5
1907,CYB5R3
1908,NAPSB
1909,RAB13
1910,TMEM179B
1911,MFSD10
1912,MICOS13
1913,CARS2
1914,COA4
1915,PSMA3
1916,PGP
1917,PDCL
1918,TRAPPC2L
1919,SRI
1920,SP110
1921,LSM10
1922,HTATIP2
1923,PCED1B-AS1
1924,MRPL13
1925,PSMA5
1926,HLA-DOA
1927,MDH2
1928,COX7A2L
1929,RPS19BP1
1930,CBR1
1931,TMEM243
1932,MRPL27
1933,NDUFAF3
1934,EIF6
1935,DDHD1
1936,GGA2
1937,TMEM147
1938,SLC31A2
1939,UBASH3B
1940,ZNF593
1941,NUCB1
1942,APOL6
1943,TEX264
1944,LYSMD2
1945,LYPLAL1
1946,ACO1
1947,C19orf24
1948,PCMT1
1949,SMIM14
1950,NDUFB6
1951,RAB8A
1952,MRPS12
1953,ACER3
1954,PHPT1
1955,DHRS3
1956,HSD17B10
1957,C14orf119
1958,TMBIM1
1959,TXNL1
1960,TMEM126A
1961,DMAC1
1962,GLB1
1963,ACTN1
1964,IFI35
1965,MRPS18C
1966,NEK6
1967,UFC1
1968,PUF60
1969,PAG1
1970,NENF
1971,TRAPPC3
1972,SNTB1
1973,DCTN6
1974,BANF1
1975,HAX1
1976,MPC1
1977,GPCPD1
1978,TWF2
1979,AVPI1
1980,ZDHHC3
1981,SEPHS2
1982,ST14
1983,YIF1A
1984,PRDX4
1985,TMEM230
1986,UQCRFS1
1987,ESYT1
1988,IGBP1
1989,NAGLU
1990,SIVA1
1991,DHRS7
1992,MRPL22
1993,MESD
1994,CASP1
1995,FKBP15
1996,RABGGTB
1997,ERAP2
1998,ERP44
1999,NDUFAB1
2000,ORMDL2
2001,SIDT2
2002,PYURF
2003,MARCH2
2004,POLR2I
2005,EMC6
2006,TMED3
2007,HACD3
2008,DCTN3
2009,STUB1
2010,TBC1D2
2011,MGST2
2012,COMMD4
2013,NIT2
2014,CORO1B
2015,SDCCAG8
2016,MCOLN1
2017,OSBPL11
2018,TXNDC11
2019,ADRM1
2020,DUT
2021,NDUFS8
2022,LSM2
2023,PPP1R7
2024,MCTS1
2025,NBDY
2026,PLA2G15
2027,ABHD2
2028,FLVCR2
2029,MRPL11
2030,LSM4
2031,NR1H2
2032,PPCS
2033,FDPS
2034,EPAS1
2035,MLF2
2036,UQCC2
2037,NDUFA9
2038,TRAPPC4
2039,RRAGA
2040,ATP5MC1
2041,DPY30
2042,CCDC85B
2043,SNF8
2044,RPA3
2045,PHYH
2046,TMEM208
2047,LYAR
2048,ECI1
2049,RBCK1
2050,CUTA
2051,TRAPPC6A
2052,APOBR
2053,KAT8
2054,MITF
2055,ENG
2056,ERGIC2
2057,ALDH3A2
2058,MBD4
2059,PIN1
2060,ZCRB1
2061,VAMP2
2062,WASHC3
2063,CMC2
2064,AKR7A2
2065,MRPS7
2066,MRPS16
2067,SAT2
2068,XIST
2069,MRPS36
2070,MCRIP2
2071,EMG1
2072,SPATS2L
2073,TMEM9B
2074,CCDC115
2075,NDUFS4
2076,TXNL4A
2077,AKIRIN2
2078,TMED9
2079,EMC4
2080,COMMD1
2081,WARS
2082,MRPL54
2083,CCDC90B
2084,MGMT
2085,AGPS
2086,COA3
2087,CD2BP2
2088,FAM173A
2089,RAC2
2090,CLEC12A
2091,MSRA
2092,ANAPC15
2093,PPA2
2094,RPS6KA1
2095,CLIP4
2096,SUN2
2097,REEP3
2098,CISD3
2099,ADPGK
2100,APEX1
2101,CHCHD1
2102,MRPL43
2103,UNC50
2104,MRPL55
2105,LSM3
2106,POLR2F
2107,MICAL1
2108,FAM50A
2109,DUSP23
2110,RWDD1
2111,CNPY2
2112,MRPL17
2113,NKAP
2114,PFDN1
2115,UQCRC2
2116,RTF1
2117,CCDC12
2118,TMEM134
2119,PSMB2
2120,G6PD
2121,NDUFA8
2122,AIP
2123,PARP9
2124,ABHD14B
2125,OPN3
2126,RGS19
2127,TSPAN3
2128,ETFB
2129,MSRB2
2130,MRPL4
2131,NDUFB3
2132,AXL
2133,TXNDC17
2134,HMGN3
2135,RND3
2136,STOML2
2137,CIR1
2138,IMP4
2139,CLTB
2140,HVCN1
2141,PFDN6
2142,STMN1
2143,SDHB
2144,CLNS1A
2145,RAB5IF
2146,IMP3
2147,NDUFA12
2148,FBXL15
2149,MAGOH
2150,CWC15
2151,PTAFR
2152,MRPL32
2153,QSOX1
2154,UGCG
2155,SLC25A11
2156,DESI1
2157,TUBB6
2158,KIAA2013
2159,METTL5
2160,FTH1P10
2161,SUCLG1
2162,COPZ1
2163,GRHPR
2164,NUS1
2165,FIBP
2166,GPR108
2167,GMPR2
2168,REXO2
2169,ASNA1
2170,DGCR6L
2171,PAPSS1
2172,ZNF524
2173,TCIRG1
2174,UFD1
2175,CFDP1
2176,BUD31
2177,HCFC1R1
2178,PSMD3
2179,ARL4A
2180,COPS5
2181,GBP1
2182,GTF2H5
2183,SURF1
2184,PDCD10
2185,PSMC2
2186,ACAA1
2187,PSMF1
2188,SDHD
2189,RNPEPL1
2190,OSBPL1A
2191,DNAJB12
2192,HSPB11
2193,COMMD3
2194,ANKRD28
2195,UROD
2196,DENND2D
2197,SMIM19
2198,ITPA
2199,TSG101
2200,GPR137B
2201,PARL
2202,DLD
2203,CHCHD5
2204,GLOD4
2205,UNC93B1
2206,ACAT1
2207,GLRX5
2208,TSR3
2209,BEX4
2210,AC020656.1
2211,IER3IP1
2212,HEBP1
2213,NDUFA5
2214,OGFR
2215,SHISA5
2216,SS18L2
2217,THOC7
2218,ABR
2219,GSDMD
2220,PIGT
2221,RANBP1
2222,RAB4A
2223,SNRPC
2224,DENND4C
2225,NAXE
2226,TRIM22
2227,SMIM30
2228,MFSD12
2229,ABHD12
2230,STX10
2231,DOK3
2232,COMMD5
2233,MYD88
2234,GDE1
2235,ITPK1
2236,FUCA1
2237,RAB9A
2238,HIGD1A
2239,MPLKIP
2240,PDHA1
2241,RTCB
2242,STX8
2243,DCXR
2244,SRM
2245,MRPL47
2246,FRMD4A
2247,MUC20-OT1
2248,C2
2249,WDR61
2250,DHX29
2251,SPAG7
2252,TAF9
2253,SMIM15
2254,AZI2
2255,TNFSF13B
2256,POLR2J3-1
2257,ENPP4
2258,PSMD14
2259,SUMF2
2260,NIFK
2261,ERLEC1
2262,CDC40
2263,BFAR
2264,LAT2
2265,RAB34
2266,MCFD2
2267,ACTR10
2268,MEA1
2269,ARL2
2270,PDCD2
2271,PIN4
2272,MPG
2273,MRPS33
2274,RPAIN
2275,TMEM205
2276,TCEAL8
2277,TIMMDC1
2278,OSTM1
2279,TMEM126B
2280,CD58
2281,NAA10
2282,PSMA2
2283,SLC35E3
2284,ESF1
2285,CDC26
2286,STAT1
2287,CNIH1
2288,PSMD6
2289,BCL2L1
2290,BTK
2291,C1D
2292,GLTP
2293,ARPC1A
2294,TM6SF1
2295,NME1
2296,TSC22D1
2297,IMPDH1
2298,DERL2
2299,FAM200B
2300,TDP2
2301,CCDC124
2302,COMMD9
2303,POLR3GL
2304,CLPTM1L
2305,UBE2E2
2306,PSENEN
2307,NCSTN
2308,PARP4
2309,NCK1
2310,LYRM2
2311,TPRKB
2312,ARL1
2313,PPP2R3C
2314,NMI
2315,YIPF5
2316,MPV17
2317,ATP2C1
2318,SLC35F6
2319,STX6
2320,APH1B
2321,PLTP
2322,EMB
2323,F13A1
2324,STAB1
2325,LYVE1
2326,SELENOP
2327,FRMD4B
2328,KLF9
2329,FOLR2
2330,MERTK
2331,PMP22
2332,LILRB5
2333,EMP1
2334,MTSS1
2335,GPR34
2336,COLEC12
2337,CCL4
2338,AP2A2
2339,MYO5A
2340,MEF2C
2341,RIN2
2342,EPS8
2343,SCN1B
2344,CCL4L2
2345,GAS7
2346,SESN1
2347,SLC40A1
2348,NRP1
2349,ITSN1
2350,FILIP1L
2351,TNS1
2352,GAS6
2353,PLXND1
2354,APP
2355,SAP30
2356,RGL1
2357,TTYH3
2358,TCN2
2359,TPM1
2360,WLS
2361,UACA
2362,CCL3L1
2363,GASK1B
2364,RCAN1
2365,AP1B1
2366,SIGLEC1
2367,TMEM37
2368,KLF10
2369,PIK3R1
2370,TSPAN4
2371,ITGAM
2372,GNG2
2373,NISCH
2374,FMN1
2375,SGMS1
2376,ABCA1
2377,JDP2
2378,RASSF2
2379,FCGR2B
2380,RCSD1
2381,SPTLC2
2382,A2M
2383,SDC3
2384,ANKH
2385,PELI1
2386,EIF4G3
2387,SRGAP2
2388,GOLIM4
2389,SPRED1
2390,SLC7A8
2391,LPAR6
2392,CRYL1
2393,MCTP1
2394,SNX13
2395,NAIP
2396,FPR3
2397,WWP1
2398,ITGB5
2399,TCF12
2400,GABARAP
2401,FCN1
2402,VCAN
2403,ALDOA
2404,CORO1A
2405,NME2
2406,S100A12
2407,VSIR
2408,ATP6V0C
2409,SULT1A1
2410,LILRB2
2411,LILRA5
2412,RIPOR2
2413,RNASE2
2414,FAM45A
2415,ARF5
2416,MYO1G
2417,LIMD2
2418,LSP1
2419,CSF3R
2420,IL17RA
2421,NUDT16
2422,BIN2
2423,PLP2
2424,ASGR1
2425,PSMB10
2426,POU2F2
2427,FOLR3
2428,RBP7
2429,AC024293.1
2430,GIMAP7
2431,CD48
2432,STAB1
2433,PRAM1
2434,CD300E
2435,RCSD1
2436,MTND1P23
2437,ITGAM
2438,RPL17
2439,C20orf27
2440,KRTCAP2
2441,CSK
2442,ARHGAP4
2443,VAMP5
2444,TNFSF13B
2445,RXRA
2446,TCEA1
2447,MTSS1
2448,DDIT4
2449,MTND1P23
2450,MT-ND6
2451,MTCO1P12
2452,MTCO1P40
2453,RIPOR2
2454,RPL10P9
2455,POU2F2
2456,LRRK2
2457,ITGA4
2458,AL450405.1
2459,CD48
2460,FCN1
2461,VCAN
2462,CD300E
2463,MAP3K1
2464,RGS18
2465,LILRB2
2466,VSIR
2467,LIMD2
2468,PLXNC1
2469,GIMAP4
2470,FAM45A
2471,CORO1A
2472,RNASE2
2473,MEF2C
2474,NBEAL1
2475,NUDT16
2476,CPPED1
2477,IKZF1
2478,GABPB1-AS1
2479,TUT7
2480,RCSD1
2481,HIPK3
2482,RESF1
2483,NAIP
2484,NAAA
2485,NIN
2486,SPTLC2
2487,SSH2
2488,RASSF2
2489,MED13L
2490,FBXL5
2491,ZDHHC20
2492,ANKRD44
2493,TMPO
2494,FGD2
2495,LNPEP
2496,ZNF217
2497,SULT1A1
2498,KAT6A
2499,CYTIP
2500,AC007950.1
2501,TES
2502,MYO1G
2503,SCIMP
2504,EP300
2505,CSK
2506,MTSS1
2507,C9orf72
2508,ATF7IP
2509,LYST
2510,VAMP5
2511,KLF3
2512,TET2
2513,HELZ
2514,LRRC25
2515,ERICH1
2516,CLEC4E
2517,GASK1B
2518,BROX
2519,CD93
